date,value,series
2002-01-01,22324,energia
2002-02-01,22695,energia
2002-03-01,23251,energia
2002-04-01,24719,energia
2002-05-01,24728,energia
2002-06-01,24234,energia
2002-07-01,23695,energia
2002-08-01,24442,energia
2002-09-01,24438,energia
2002-10-01,24924,energia
2002-11-01,25468,energia
2002-12-01,24949,energia
2003-01-01,25152,energia
2003-02-01,24965,energia
2003-03-01,25281,energia
2003-04-01,24787,energia
2003-05-01,24889,energia
2003-06-01,24535,energia
2003-07-01,24443,energia
2003-08-01,24629,energia
2003-09-01,24621,energia
2003-10-01,25715,energia
2003-11-01,25786,energia
2003-12-01,26189,energia
2004-01-01,26978,energia
2004-02-01,26508,energia
2004-03-01,27284,energia
2004-04-01,28046,energia
2004-05-01,27248,energia
2004-06-01,27083,energia
2004-07-01,27346,energia
2004-08-01,27657,energia
2004-09-01,28282,energia
2004-10-01,28510,energia
2004-11-01,28363,energia
2004-12-01,28562,energia
2005-01-01,28375,energia
2005-02-01,27888,energia
2005-03-01,28558,energia
2005-04-01,29347,energia
2005-05-01,28482,energia
2005-06-01,28321,energia
2005-07-01,28322,energia
2005-08-01,28765,energia
2005-09-01,29335,energia
2005-10-01,29145,energia
2005-11-01,29288,energia
2005-12-01,29505,energia
2006-01-01,28881,energia
2006-02-01,29383,energia
2006-03-01,29954,energia
2006-04-01,29840,energia
2006-05-01,28968,energia
2006-06-01,29060,energia
2006-07-01,29072,energia
2006-08-01,29886,energia
2006-09-01,29945,energia
2006-10-01,30094,energia
2006-11-01,30552,energia
2006-12-01,30494,energia
2007-01-01,30700,energia
2007-02-01,30325,energia
2007-03-01,31313,energia
2007-04-01,32031,energia
2007-05-01,31383,energia
2007-06-01,30767,energia
2007-07-01,30501,energia
2007-08-01,31181,energia
2007-09-01,31736,energia
2007-10-01,32136,energia
2007-11-01,32654,energia
2007-12-01,32305,energia
2008-01-01,31856,energia
2008-02-01,31731,energia
2008-03-01,32119,energia
2008-04-01,31953,energia
2008-05-01,32300,energia
2008-06-01,31743,energia
2008-07-01,32150,energia
2008-08-01,33013,energia
2008-09-01,32964,energia
2008-10-01,33673,energia
2008-11-01,33412,energia
2008-12-01,31559,energia
2009-01-01,30667,energia
2009-02-01,30495,energia
2009-03-01,31978,energia
2009-04-01,32043,energia
2009-05-01,30945,energia
2009-06-01,30715,energia
2009-07-01,31325,energia
2009-08-01,32262,energia
2009-09-01,32717,energia
2009-10-01,33420,energia
2009-11-01,33617,energia
2009-12-01,34123,energia
2010-01-01,33360,energia
2010-02-01,33730,energia
2010-03-01,35117,energia
2010-04-01,35026,energia
2010-05-01,34297,energia
2010-06-01,34169,energia
2010-07-01,33849,energia
2010-08-01,34713,energia
2010-09-01,35182,energia
2010-10-01,35189,energia
2010-11-01,35078,energia
2010-12-01,35956,energia
2011-01-01,35874,energia
2011-02-01,35445,energia
2011-03-01,36351,energia
2011-04-01,36048,energia
2011-05-01,35566,energia
2011-06-01,35160,energia
2011-07-01,35417,energia
2011-08-01,36336,energia
2011-09-01,36965,energia
2011-10-01,36744,energia
2011-11-01,36368,energia
2011-12-01,36742,energia
2012-01-01,36305,energia
2012-02-01,36888,energia
2012-03-01,38636,energia
2012-04-01,37996,energia
2012-05-01,36810,energia
2012-06-01,36528,energia
2012-07-01,35917,energia
2012-08-01,37180,energia
2012-09-01,37662,energia
2012-10-01,37796,energia
2012-11-01,38644,energia
2012-12-01,37765,energia
2013-01-01,38391,energia
2013-02-01,38029,energia
2013-03-01,38468,energia
2013-04-01,38674,energia
2013-05-01,38372,energia
2013-06-01,37654,energia
2013-07-01,37724,energia
2013-08-01,38639,energia
2013-09-01,38551,energia
2013-10-01,39412,energia
2013-11-01,39945,energia
2013-12-01,39583,energia
2014-01-01,40306,energia
2014-02-01,41566,energia
2014-03-01,40273,energia
2014-04-01,39572,energia
2014-05-01,39129,energia
2014-06-01,37756,energia
2014-07-01,37816,energia
2014-08-01,38686,energia
2014-09-01,38928,energia
2014-10-01,40132,energia
2014-11-01,40987,energia
2014-12-01,39884,energia
2015-01-01,40716,energia
2015-02-01,40673,energia
2015-03-01,39721,energia
2015-04-01,39553,energia
2015-05-01,38160,energia
2015-06-01,37220,energia
2015-07-01,36778,energia
2015-08-01,37809,energia
2015-09-01,37790,energia
2015-10-01,39266,energia
2015-11-01,39208,energia
2015-12-01,38629,energia
2016-01-01,38441,energia
2016-02-01,38757,energia
2016-03-01,39480,energia
2016-04-01,40308,energia
2016-05-01,38684,energia
2016-06-01,37590,energia
2016-07-01,37299,energia
2016-08-01,37720,energia
2016-09-01,38379,energia
2016-10-01,38233,energia
2016-11-01,38787,energia
2016-12-01,38793,energia
2017-01-01,39391,energia
2017-02-01,38876,energia
2017-03-01,40588,energia
2017-04-01,39469,energia
2017-05-01,38195,energia
2017-06-01,38146,energia
2017-07-01,37313,energia
2017-08-01,37890,energia
2017-09-01,39038,energia
2017-10-01,39385,energia
2017-11-01,39866,energia
2017-12-01,39631,energia
2018-01-01,40071,energia
2018-02-01,39207,energia
2018-03-01,41139,energia
2018-04-01,40721,energia
2018-05-01,39315,energia
2018-06-01,38234,energia
2018-07-01,38544,energia
2018-08-01,39057,energia
2018-09-01,39079,energia
2018-10-01,40428,energia
2018-11-01,40441,energia
2018-12-01,40056,energia
2019-01-01,41817,energia
2019-02-01,41325,energia
2019-03-01,41310,energia
2019-04-01,39886,energia
2019-05-01,40659,energia
2019-06-01,38613,energia
2019-07-01,38485,energia
2019-08-01,38808,energia
2019-09-01,39467,energia
2019-10-01,41284,energia
2019-11-01,41995,energia
2019-12-01,40952,energia
2020-01-01,41331,energia
2020-02-01,40997,energia
2020-03-01,41151,energia
2020-04-01,37266,energia
2020-05-01,36134,energia
2020-06-01,35782,energia
2020-07-01,37884,energia
2020-08-01,39256,energia
2020-09-01,40364,energia
2020-10-01,42887,energia
2020-11-01,41425,energia
2020-12-01,42176,energia
2021-01-01,43080,energia
2021-02-01,41489,energia
2021-03-01,43667,energia
2021-04-01,42662,energia
2021-05-01,40801,energia
2021-06-01,40451,energia
2021-07-01,40210,energia
2021-08-01,40924,energia
2021-09-01,41974,energia
2021-10-01,42626,energia
2021-11-01,41886,energia
2021-12-01,42940,energia
2022-01-01,42587,energia
2022-02-01,41862,energia
2022-03-01,44634,energia
2022-04-01,43272,energia
2022-05-01,42071,energia
2022-06-01,40951,energia
2022-07-01,41247,energia
2022-08-01,42150,energia
2022-09-01,42327,energia
2022-10-01,42527,energia
2022-11-01,42732,energia
2022-12-01,43237,energia
2023-01-01,42550,energia
2023-02-01,43028,energia
2023-03-01,45730,energia
2023-04-01,44889,energia
2023-05-01,43174,energia
2023-06-01,42667,energia
2023-07-01,42023,energia
2023-08-01,43441,energia
2023-09-01,44487,energia
2023-10-01,46083,energia
2023-11-01,46677,energia
2023-12-01,47235,energia
2003-01-01,70.23938,ibc
2003-02-01,71.46577,ibc
2003-03-01,71.0719,ibc
2003-04-01,70.59053,ibc
2003-05-01,69.89798,ibc
2003-06-01,70.02951,ibc
2003-07-01,69.1619,ibc
2003-08-01,69.69093,ibc
2003-09-01,71.25807,ibc
2003-10-01,71.13821,ibc
2003-11-01,71.32987,ibc
2003-12-01,71.15918,ibc
2004-01-01,72.46354,ibc
2004-02-01,73.23877,ibc
2004-03-01,74.04924,ibc
2004-04-01,74.42395,ibc
2004-05-01,74.34963,ibc
2004-06-01,74.96504,ibc
2004-07-01,75.25411,ibc
2004-08-01,75.60603,ibc
2004-09-01,76.37895,ibc
2004-10-01,75.84789,ibc
2004-11-01,76.6859,ibc
2004-12-01,76.1094,ibc
2005-01-01,76.59363,ibc
2005-02-01,77.06614,ibc
2005-03-01,77.17571,ibc
2005-04-01,77.71617,ibc
2005-05-01,77.64835,ibc
2005-06-01,77.15862,ibc
2005-07-01,77.15349,ibc
2005-08-01,77.74587,ibc
2005-09-01,77.55035,ibc
2005-10-01,77.57973,ibc
2005-11-01,78.20956,ibc
2005-12-01,78.825,ibc
2006-01-01,79.44975,ibc
2006-02-01,79.49232,ibc
2006-03-01,79.38171,ibc
2006-04-01,79.88756,ibc
2006-05-01,80.89624,ibc
2006-06-01,79.95561,ibc
2006-07-01,81.46613,ibc
2006-08-01,81.46537,ibc
2006-09-01,81.66331,ibc
2006-10-01,82.53214,ibc
2006-11-01,83.13073,ibc
2006-12-01,84.17098,ibc
2007-01-01,83.90432,ibc
2007-02-01,84.10084,ibc
2007-03-01,83.58047,ibc
2007-04-01,84.71139,ibc
2007-05-01,85.43905,ibc
2007-06-01,85.956,ibc
2007-07-01,86.58459,ibc
2007-08-01,86.73713,ibc
2007-09-01,87.42676,ibc
2007-10-01,88.26723,ibc
2007-11-01,88.23731,ibc
2007-12-01,89.02285,ibc
2008-01-01,89.15936,ibc
2008-02-01,88.9869,ibc
2008-03-01,88.33783,ibc
2008-04-01,89.58499,ibc
2008-05-01,90.41852,ibc
2008-06-01,91.23337,ibc
2008-07-01,91.25973,ibc
2008-08-01,91.44387,ibc
2008-09-01,91.42616,ibc
2008-10-01,89.59419,ibc
2008-11-01,87.39061,ibc
2008-12-01,85.01162,ibc
2009-01-01,84.8414,ibc
2009-02-01,85.49654,ibc
2009-03-01,86.02971,ibc
2009-04-01,86.39738,ibc
2009-05-01,87.20323,ibc
2009-06-01,87.73552,ibc
2009-07-01,87.94688,ibc
2009-08-01,89.37353,ibc
2009-09-01,90.10765,ibc
2009-10-01,90.81846,ibc
2009-11-01,90.92052,ibc
2009-12-01,92.28337,ibc
2010-01-01,93.64349,ibc
2010-02-01,94.52561,ibc
2010-03-01,95.52652,ibc
2010-04-01,96.00622,ibc
2010-05-01,95.22033,ibc
2010-06-01,94.97856,ibc
2010-07-01,95.55883,ibc
2010-08-01,96.16402,ibc
2010-09-01,97.01382,ibc
2010-10-01,96.86075,ibc
2010-11-01,97.95845,ibc
2010-12-01,96.93179,ibc
2011-01-01,98.13917,ibc
2011-02-01,98.54247,ibc
2011-03-01,98.53389,ibc
2011-04-01,98.62589,ibc
2011-05-01,98.78085,ibc
2011-06-01,99.11391,ibc
2011-07-01,99.26053,ibc
2011-08-01,99.19216,ibc
2011-09-01,99.06673,ibc
2011-10-01,99.00694,ibc
2011-11-01,99.47487,ibc
2011-12-01,98.5296,ibc
2012-01-01,97.326,ibc
2012-02-01,98.26784,ibc
2012-03-01,98.02892,ibc
2012-04-01,98.47809,ibc
2012-05-01,99.61673,ibc
2012-06-01,100.33118,ibc
2012-07-01,100.50283,ibc
2012-08-01,100.8313,ibc
2012-09-01,100.42317,ibc
2012-10-01,101.25774,ibc
2012-11-01,101.11153,ibc
2012-12-01,100.67255,ibc
2013-01-01,101.32331,ibc
2013-02-01,100.35893,ibc
2013-03-01,101.36727,ibc
2013-04-01,102.48931,ibc
2013-05-01,102.64895,ibc
2013-06-01,102.29273,ibc
2013-07-01,102.65475,ibc
2013-08-01,102.96846,ibc
2013-09-01,103.47836,ibc
2013-10-01,103.4262,ibc
2013-11-01,103.70913,ibc
2013-12-01,103.99242,ibc
2014-01-01,103.66722,ibc
2014-02-01,103.37726,ibc
2014-03-01,103.25041,ibc
2014-04-01,102.81405,ibc
2014-05-01,102.44865,ibc
2014-06-01,100.26057,ibc
2014-07-01,101.02757,ibc
2014-08-01,101.91123,ibc
2014-09-01,102.47056,ibc
2014-10-01,101.58429,ibc
2014-11-01,101.77278,ibc
2014-12-01,102.18535,ibc
2015-01-01,101.30483,ibc
2015-02-01,100.64945,ibc
2015-03-01,100.46625,ibc
2015-04-01,99.12964,ibc
2015-05-01,98.45711,ibc
2015-06-01,97.51139,ibc
2015-07-01,96.37133,ibc
2015-08-01,96.85754,ibc
2015-09-01,96.1621,ibc
2015-10-01,96.51788,ibc
2015-11-01,95.53499,ibc
2015-12-01,95.33322,ibc
2016-01-01,94.88503,ibc
2016-02-01,94.74894,ibc
2016-03-01,94.07764,ibc
2016-04-01,94.02558,ibc
2016-05-01,93.7981,ibc
2016-06-01,93.95613,ibc
2016-07-01,93.64776,ibc
2016-08-01,93.39899,ibc
2016-09-01,93.55464,ibc
2016-10-01,93.05945,ibc
2016-11-01,93.11925,ibc
2016-12-01,92.86383,ibc
2017-01-01,93.41286,ibc
2017-02-01,94.52304,ibc
2017-03-01,94.60922,ibc
2017-04-01,94.47996,ibc
2017-05-01,94.25472,ibc
2017-06-01,94.85835,ibc
2017-07-01,94.90523,ibc
2017-08-01,94.64373,ibc
2017-09-01,94.64511,ibc
2017-10-01,94.84934,ibc
2017-11-01,95.03448,ibc
2017-12-01,96.30407,ibc
2018-01-01,95.81267,ibc
2018-02-01,95.43756,ibc
2018-03-01,95.46274,ibc
2018-04-01,96.00704,ibc
2018-05-01,93.05679,ibc
2018-06-01,95.75667,ibc
2018-07-01,96.06905,ibc
2018-08-01,96.80783,ibc
2018-09-01,96.28644,ibc
2018-10-01,96.60347,ibc
2018-11-01,96.88802,ibc
2018-12-01,97.16331,ibc
2019-01-01,96.94771,ibc
2019-02-01,96.39425,ibc
2019-03-01,95.79732,ibc
2019-04-01,95.77798,ibc
2019-05-01,97.10725,ibc
2019-06-01,96.5971,ibc
2019-07-01,96.39424,ibc
2019-08-01,96.62189,ibc
2019-09-01,96.94457,ibc
2019-10-01,98.08033,ibc
2019-11-01,97.91976,ibc
2019-12-01,97.59895,ibc
2020-01-01,97.60548,ibc
2020-02-01,97.74638,ibc
2020-03-01,91.27259,ibc
2020-04-01,82.96008,ibc
2020-05-01,85.48797,ibc
2020-06-01,89.37903,ibc
2020-07-01,91.74207,ibc
2020-08-01,93.49745,ibc
2020-09-01,95.36272,ibc
2020-10-01,97.30806,ibc
2020-11-01,97.51715,ibc
2020-12-01,97.68045,ibc
2021-01-01,97.80489,ibc
2021-02-01,98.71949,ibc
2021-03-01,95.32458,ibc
2021-04-01,96.34302,ibc
2021-05-01,97.01772,ibc
2021-06-01,96.77124,ibc
2021-07-01,96.43007,ibc
2021-08-01,97.01608,ibc
2021-09-01,96.95313,ibc
2021-10-01,97.47791,ibc
2021-11-01,99.05295,ibc
2021-12-01,99.36759,ibc
2022-01-01,97.41759,ibc
2022-02-01,98.48287,ibc
2022-03-01,99.54331,ibc
2022-04-01,99.44726,ibc
2022-05-01,99.65249,ibc
2022-06-01,99.53078,ibc
2022-07-01,101.43252,ibc
2022-08-01,101.09886,ibc
2022-09-01,101.15209,ibc
2022-10-01,101.43094,ibc
2022-11-01,100.7113,ibc
2022-12-01,100.58566,ibc
2023-01-01,100.10937,ibc
2023-02-01,103.08344,ibc
2023-03-01,103.08526,ibc
2023-04-01,103.96006,ibc
2023-05-01,102.40467,ibc
2023-06-01,102.4398,ibc
2023-07-01,102.89895,ibc
2023-08-01,102.48797,ibc
2023-09-01,102.50227,ibc
2023-10-01,102.83037,ibc
2023-11-01,103.58799,ibc
2023-12-01,104.88262,ibc
2002-01-01,114.94,pib
2002-04-01,115.2,pib
2002-07-01,116.8,pib
2002-10-01,117.99,pib
2003-01-01,117.47,pib
2003-04-01,116.48,pib
2003-07-01,117.58,pib
2003-10-01,118.8,pib
2004-01-01,120.44,pib
2004-04-01,123.76,pib
2004-07-01,125.34,pib
2004-10-01,126.29,pib
2005-01-01,127.41,pib
2005-04-01,128.75,pib
2005-07-01,128.02,pib
2005-10-01,129.64,pib
2006-01-01,131.74,pib
2006-04-01,132.14,pib
2006-07-01,134.36,pib
2006-10-01,135.93,pib
2007-01-01,138.48,pib
2007-04-01,140.8,pib
2007-07-01,142.27,pib
2007-10-01,144.42,pib
2008-01-01,146.25,pib
2008-04-01,149.19,pib
2008-07-01,151.64,pib
2008-10-01,145.92,pib
2009-01-01,143.82,pib
2009-04-01,146.47,pib
2009-07-01,149.9,pib
2009-10-01,153.76,pib
2010-01-01,156.93,pib
2010-04-01,158.94,pib
2010-07-01,160.34,pib
2010-10-01,162.63,pib
2011-01-01,164.81,pib
2011-04-01,166.48,pib
2011-07-01,166.11,pib
2011-10-01,167.62,pib
2012-01-01,165.23,pib
2012-04-01,168.21,pib
2012-07-01,171.11,pib
2012-10-01,171.16,pib
2013-01-01,172.08,pib
2013-04-01,174.45,pib
2013-07-01,175.28,pib
2013-10-01,175.56,pib
2014-01-01,177.04,pib
2014-04-01,174.43,pib
2014-07-01,174.32,pib
2014-10-01,175.24,pib
2015-01-01,173.85,pib
2015-04-01,169.75,pib
2015-07-01,166.96,pib
2015-10-01,165.68,pib
2016-01-01,163.3,pib
2016-04-01,163.75,pib
2016-07-01,162.86,pib
2016-10-01,162.68,pib
2017-01-01,164.36,pib
2017-04-01,165.73,pib
2017-07-01,166.11,pib
2017-10-01,167.01,pib
2018-01-01,168.03,pib
2018-04-01,167.84,pib
2018-07-01,169.44,pib
2018-10-01,169.02,pib
2019-01-01,169.52,pib
2019-04-01,170.5,pib
2019-07-01,170.53,pib
2019-10-01,172.03,pib
2020-01-01,168.09,pib
2020-04-01,153.17,pib
2020-07-01,165.3,pib
2020-10-01,171.65,pib
2021-01-01,173.15,pib
2021-04-01,171.94,pib
2021-07-01,172.2,pib
2021-10-01,174.49,pib
2022-01-01,175.7,pib
2022-04-01,177.71,pib
2022-07-01,179.58,pib
2022-10-01,180.35,pib
2023-01-01,182.75,pib
2023-04-01,184.2,pib
2023-07-01,184.45,pib
2023-10-01,185.14,pib
