date,value,series,baseline,index
2003-01-01,24831.67297280483,energia,28788.907508208606,86.2543080723871
2003-02-01,24873.19445063669,energia,28788.907508208606,86.3985354204378
2003-03-01,24914.78535726306,energia,28788.907508208606,86.54300393357784
2003-04-01,24963.491222908935,energia,28788.907508208606,86.71218668437166
2003-05-01,25012.29230355724,energia,28788.907508208606,86.88170017019736
2003-06-01,25104.42764906485,energia,28788.907508208606,87.20173782873422
2003-07-01,25196.90238457274,energia,28788.907508208606,87.52295437882916
2003-08-01,25342.830048521897,energia,28788.907508208606,88.02984288756312
2003-09-01,25489.60285140051,energia,28788.907508208606,88.53966703714838
2003-10-01,25684.568098320007,energia,28788.907508208606,89.2168905367338
2003-11-01,25881.02459827037,energia,28788.907508208606,89.89929399332327
2003-12-01,26109.86847139783,energia,28788.907508208606,90.69419693662603
2004-01-01,26340.7358161258,energia,28788.907508208606,91.49612853011266
2004-02-01,26599.013723435964,energia,28788.907508208606,92.39327235968146
2004-03-01,26859.824114191928,energia,28788.907508208606,93.29921292266253
2004-04-01,27098.80787218452,energia,28788.907508208606,94.12933736529534
2004-05-01,27339.91797457684,energia,28788.907508208606,94.96684779296119
2004-06-01,27522.498547463376,energia,28788.907508208606,95.60105238316481
2004-07-01,27706.298424139623,energia,28788.907508208606,96.2394922983434
2004-08-01,27832.39616164037,energia,28788.907508208606,96.67750036608543
2004-09-01,27959.067798951164,energia,28788.907508208606,97.1175019093002
2004-10-01,28055.010692763663,energia,28788.907508208606,97.45076531564914
2004-11-01,28151.282819257947,energia,28788.907508208606,97.78517233150006
2004-12-01,28239.695710705415,energia,28788.907508208606,98.09227982219682
2005-01-01,28328.38627473437,energia,28788.907508208606,98.4003518252892
2005-02-01,28419.489882258713,energia,28788.907508208606,98.71680567994962
2005-03-01,28510.88647743244,energia,28788.907508208606,99.03427724481419
2005-04-01,28597.56402738004,energia,28788.907508208606,99.33535692254385
2005-05-01,28684.5050906235,energia,28788.907508208606,99.63735192953975
2005-06-01,28769.050852180582,energia,28788.907508208606,99.93102671220726
2005-07-01,28853.845807013782,energia,28788.907508208606,100.22556708269204
2005-08-01,28931.501298431955,energia,28788.907508208606,100.49530809803287
2005-09-01,29009.365787132127,energia,28788.907508208606,100.76577507799023
2005-10-01,29065.47655073424,energia,28788.907508208606,100.96067918675544
2005-11-01,29121.69584541617,energia,28788.907508208606,101.15596028474742
2005-12-01,29175.12220516535,energia,28788.907508208606,101.34153995543814
2006-01-01,29228.646580357476,energia,28788.907508208606,101.5274600886591
2006-02-01,29301.86581987425,energia,28788.907508208606,101.78179151646995
2006-03-01,29375.26847729312,energia,28788.907508208606,102.03676005738433
2006-04-01,29466.582321632945,energia,28788.907508208606,102.35394418225532
2006-05-01,29558.180017613915,energia,28788.907508208606,102.67211428285692
2006-06-01,29659.476325713993,energia,28788.907508208606,103.02397309539155
2006-07-01,29761.119777718974,energia,28788.907508208606,103.37703773313787
2006-08-01,29872.872853573044,energia,28788.907508208606,103.76521875675681
2006-09-01,29985.045562493888,energia,28788.907508208606,104.15485740104667
2006-10-01,30121.351000782393,energia,28788.907508208606,104.62832253080067
2006-11-01,30258.276053687456,energia,28788.907508208606,105.1039399291546
2006-12-01,30406.600838234095,energia,28788.907508208606,105.61915498031398
2007-01-01,30555.65270457719,energia,28788.907508208606,106.13689559377977
2007-02-01,30704.397004461684,energia,28788.907508208606,106.65356785667157
2007-03-01,30853.865388592185,energia,28788.907508208606,107.17275526969823
2007-04-01,31013.389372536712,energia,28788.907508208606,107.72687141286565
2007-05-01,31173.738144595623,energia,28788.907508208606,108.28385250710548
2007-06-01,31319.22966593177,energia,28788.907508208606,108.78922604826768
2007-07-01,31465.400213398316,energia,28788.907508208606,109.29695822749285
2007-08-01,31564.461207395187,energia,28788.907508208606,109.64105254218204
2007-09-01,31663.834070316763,energia,28788.907508208606,109.98623015231969
2007-10-01,31725.400711587477,energia,28788.907508208606,110.20008557998106
2007-11-01,31787.08706202894,energia,28788.907508208606,110.4143568246397
2007-12-01,31873.777639265405,energia,28788.907508208606,110.71548175343995
2008-01-01,31960.704641317043,energia,28788.907508208606,111.01742791804121
2008-02-01,32077.812490515982,energia,28788.907508208606,111.424209068613
2008-03-01,32195.34943689847,energia,28788.907508208606,111.83248071403398
2008-04-01,32311.036151626122,energia,28788.907508208606,112.23432546863145
2008-05-01,32427.138560427622,energia,28788.907508208606,112.63761416157124
2008-06-01,32552.583099383304,energia,28788.907508208606,113.0733533049198
2008-07-01,32678.512921131503,energia,28788.907508208606,113.51077810720622
2008-08-01,32726.591253080875,energia,28788.907508208606,113.67778108200012
2008-09-01,32774.74032037878,energia,28788.907508208606,113.84502976027726
2008-10-01,32646.82825084302,energia,28788.907508208606,113.40071950119817
2008-11-01,32519.415391899714,energia,28788.907508208606,112.95814328010685
2008-12-01,32441.1626436372,energia,28788.907508208606,112.68632765723126
2009-01-01,32363.098198040487,energia,28788.907508208606,112.41516611497941
2009-02-01,32315.55116050341,energia,28788.907508208606,112.25000862324926
2009-03-01,32268.0739778598,energia,28788.907508208606,112.08509377668874
2009-04-01,32186.574007615014,energia,28788.907508208606,111.80199873314966
2009-05-01,32105.279883097377,energia,28788.907508208606,111.519618707112
2009-06-01,32150.474264858352,energia,28788.907508208606,111.67660410764549
2009-07-01,32195.732266439754,energia,28788.907508208606,111.8338104954478
2009-08-01,32436.01189277047,energia,28788.907508208606,112.66843621461481
2009-09-01,32678.08474741958,energia,28788.907508208606,113.5092908200912
2009-10-01,32930.320834713406,energia,28788.907508208606,114.38544802481287
2009-11-01,33184.50388567499,energia,28788.907508208606,115.26836812481704
2009-12-01,33428.36271303028,energia,28788.907508208606,116.11542641379782
2010-01-01,33674.013555353886,energia,28788.907508208606,116.96870937444356
2010-02-01,33888.21741432572,energia,28788.907508208606,117.71275934893724
2010-03-01,34103.78384604592,energia,28788.907508208606,118.461542301742
2010-04-01,34282.609964340474,energia,28788.907508208606,119.08270556833547
2010-05-01,34462.37377273795,energia,28788.907508208606,119.70712595784214
2010-06-01,34617.48659819555,energia,28788.907508208606,120.24591967696252
2010-07-01,34773.29757604336,energia,28788.907508208606,120.78713847035849
2010-08-01,34902.79626462507,energia,28788.907508208606,121.23695994602505
2010-09-01,35032.77721722869,energia,28788.907508208606,121.6884565947484
2010-10-01,35132.68273991172,energia,28788.907508208606,122.03548443057211
2010-11-01,35232.87317045114,energia,28788.907508208606,122.38350191095357
2010-12-01,35333.712331041774,energia,28788.907508208606,122.73377279414663
2011-01-01,35434.840100973444,energia,28788.907508208606,123.08504617922678
2011-02-01,35562.872368559496,energia,28788.907508208606,123.52977395345559
2011-03-01,35691.36723909504,energia,28788.907508208606,123.9761086068248
2011-04-01,35818.59730311527,energia,28788.907508208606,124.41804987876766
2011-05-01,35946.280907877706,energia,28788.907508208606,124.8615665517294
2011-06-01,36043.394200827606,energia,28788.907508208606,125.19889540980505
2011-07-01,36140.76985726634,energia,28788.907508208606,125.53713560322319
2011-08-01,36246.51201651882,energia,28788.907508208606,125.90443734686292
2011-09-01,36352.5635605544,energia,28788.907508208606,126.27281375713602
2011-10-01,36474.01365110374,energia,28788.907508208606,126.69467794394029
2011-11-01,36595.86949362894,energia,28788.907508208606,127.11795153461216
2011-12-01,36692.29514188467,energia,28788.907508208606,127.4528918175258
2012-01-01,36788.97485995129,energia,28788.907508208606,127.78871462719319
2012-02-01,36874.31118921855,energia,28788.907508208606,128.08513549430296
2012-03-01,36959.84546608072,energia,28788.907508208606,128.38224394427723
2012-04-01,37071.931452106444,energia,28788.907508208606,128.77158135138018
2012-05-01,37184.357354820335,energia,28788.907508208606,129.16209947952325
2012-06-01,37301.12233262524,energia,28788.907508208606,129.56768964570657
2012-07-01,37418.25397160191,energia,28788.907508208606,129.97455343150068
2012-08-01,37500.54017935788,energia,28788.907508208606,130.2603795182756
2012-09-01,37583.00734210956,energia,28788.907508208606,130.54683416310078
2012-10-01,37659.18964822743,energia,28788.907508208606,130.81145798078526
2012-11-01,37735.526379022194,energia,28788.907508208606,131.07661820186345
2012-12-01,37841.14813939805,energia,28788.907508208606,131.4435017327711
2013-01-01,37947.065535142894,energia,28788.907508208606,131.8114121708961
2013-02-01,38064.95760063483,energia,28788.907508208606,132.22091734388093
2013-03-01,38183.21592736225,energia,28788.907508208606,132.6316947472739
2013-04-01,38304.496287255795,energia,28788.907508208606,133.05296936444705
2013-05-01,38426.16186681552,energia,28788.907508208606,133.47558206527648
2013-06-01,38562.65964817613,energia,28788.907508208606,133.9497153102483
2013-07-01,38699.64229826709,energia,28788.907508208606,134.42553277588817
2013-08-01,38828.804997091785,energia,28788.907508208606,134.87418717094596
2013-09-01,38958.39878524391,energia,28788.907508208606,135.32433898068436
2013-10-01,39034.126697553074,energia,28788.907508208606,135.5873844341722
2013-11-01,39110.001810899346,energia,28788.907508208606,135.850941199307
2013-12-01,39137.64873831946,energia,28788.907508208606,135.94697446285556
2014-01-01,39165.31520940003,energia,28788.907508208606,136.04307561248302
2014-02-01,39180.98441174729,energia,28788.907508208606,136.0975035283141
2014-03-01,39196.65988300622,energia,28788.907508208606,136.15195321958655
2014-04-01,39215.98449333126,energia,28788.907508208606,136.21907841466222
2014-05-01,39235.318631013106,energia,28788.907508208606,136.2862367035842
2014-06-01,39255.17347684214,energia,28788.907508208606,136.355203703542
2014-07-01,39275.03837012112,energia,28788.907508208606,136.42420560392085
2014-08-01,39291.0968819373,energia,28788.907508208606,136.47998580958375
2014-09-01,39307.16195964909,energia,28788.907508208606,136.53578882227959
2014-10-01,39267.189607508466,energia,28788.907508208606,136.396942455396
2014-11-01,39227.25790416708,energia,28788.907508208606,136.25823728455893
2014-12-01,39157.8751145021,energia,28788.907508208606,136.01723199581986
2015-01-01,39088.615044898674,energia,28788.907508208606,135.7766529825882
2015-02-01,39005.02041363448,energia,28788.907508208606,135.4862820081413
2015-03-01,38921.60455724811,energia,28788.907508208606,135.19653201897418
2015-04-01,38813.35927039542,energia,28788.907508208606,134.8205355112157
2015-05-01,38705.41502565691,energia,28788.907508208606,134.4455846913288
2015-06-01,38599.30750767235,energia,28788.907508208606,134.07701385218073
2015-07-01,38493.49087418981,energia,28788.907508208606,133.70945341782814
2015-08-01,38455.875478520524,energia,28788.907508208606,133.57879408086455
2015-09-01,38418.296840182455,energia,28788.907508208606,133.44826242269949
2015-10-01,38440.4785808382,energia,28788.907508208606,133.5253120316484
2015-11-01,38462.67312866283,energia,28788.907508208606,133.60240612706798
2015-12-01,38503.527215352966,energia,28788.907508208606,133.744315251888
2016-01-01,38544.42469622936,energia,28788.907508208606,133.88637510902126
2016-02-01,38563.16630414668,energia,28788.907508208606,133.95147521020425
2016-03-01,38581.91702487006,energia,28788.907508208606,134.01660696526662
2016-04-01,38570.49367740919,energia,28788.907508208606,133.97692728149394
2016-05-01,38559.07371217702,energia,28788.907508208606,133.93725934609586
2016-06-01,38554.5106025455,energia,28788.907508208606,133.92140911061813
2016-07-01,38549.948032915716,energia,28788.907508208606,133.90556075086883
2016-08-01,38560.99234528734,energia,28788.907508208606,133.94392383348486
2016-09-01,38572.039821783415,energia,28788.907508208606,133.98229790687728
2016-10-01,38585.65795262383,energia,28788.907508208606,134.02960130259152
2016-11-01,38599.2808914415,energia,28788.907508208606,134.07692139910367
2016-12-01,38623.31546364894,energia,28788.907508208606,134.16040692977404
2017-01-01,38647.365001437225,energia,28788.907508208606,134.24394444428873
2017-02-01,38689.17189282655,energia,28788.907508208606,134.38916319348024
2017-03-01,38731.02400893346,energia,28788.907508208606,134.5345390334456
2017-04-01,38786.88447865572,energia,28788.907508208606,134.72857373138032
2017-05-01,38842.8255140784,energia,28788.907508208606,134.92288827911622
2017-06-01,38895.943442183496,energia,28788.907508208606,135.10739659395918
2017-07-01,38949.13400955327,energia,28788.907508208606,135.29215722565255
2017-08-01,39004.8895466299,energia,28788.907508208606,135.4858274337378
2017-09-01,39060.724897545624,energia,28788.907508208606,135.6797748799888
2017-10-01,39141.797127519996,energia,28788.907508208606,135.96138414199797
2017-11-01,39223.03762642673,energia,28788.907508208606,136.24357789625407
2017-12-01,39307.060897732394,energia,28788.907508208606,136.53543777763966
2018-01-01,39391.26416300457,energia,28788.907508208606,136.8279228788828
2018-02-01,39456.95251460482,energia,28788.907508208606,137.05609531502515
2018-03-01,39522.75040723226,energia,28788.907508208606,137.28464824850718
2018-04-01,39569.640219836205,energia,28788.907508208606,137.447522829943
2018-05-01,39616.585662539284,energia,28788.907508208606,137.6105906458707
2018-06-01,39651.77288203476,energia,28788.907508208606,137.73281556699857
2018-07-01,39686.99135461257,energia,28788.907508208606,137.8551490475857
2018-08-01,39723.93093863367,energia,28788.907508208606,137.98346091218346
2018-09-01,39760.90490502602,energia,28788.907508208606,138.11189220601358
2018-10-01,39800.1803770332,energia,28788.907508208606,138.24831791788188
2018-11-01,39839.49464500603,energia,28788.907508208606,138.3848783898679
2018-12-01,39863.346089589,energia,28788.907508208606,138.46772781573156
2019-01-01,39887.21181375586,energia,28788.907508208606,138.55062684258783
2019-02-01,39903.911937041645,energia,28788.907508208606,138.60863572424137
2019-03-01,39920.61905239588,energia,28788.907508208606,138.6666688932648
2019-04-01,39964.18388357696,energia,28788.907508208606,138.81799395194813
2019-05-01,40007.79625646858,energia,28788.907508208606,138.96948414961952
2019-06-01,40064.26119792567,energia,28788.907508208606,139.16561851644462
2019-07-01,40120.805831090685,energia,28788.907508208606,139.36202969720543
2019-08-01,40189.53787724349,energia,28788.907508208606,139.6007745892553
2019-09-01,40258.38767013811,energia,28788.907508208606,139.8399284816876
2019-10-01,40351.08028460376,energia,28788.907508208606,140.1619018474335
2019-11-01,40443.98631846538,energia,28788.907508208606,140.4846165382745
2019-12-01,40524.96702995147,energia,28788.907508208606,140.7659079053158
2020-01-01,40606.109888550884,energia,28788.907508208606,141.04776250009778
2020-02-01,40593.79819938075,energia,28788.907508208606,141.00499710802225
2020-03-01,40581.49024308957,energia,28788.907508208606,140.9622446823261
2020-04-01,40625.347526523685,energia,28788.907508208606,141.1145855914822
2020-05-01,40669.25220746092,energia,28788.907508208606,141.26709113871328
2020-06-01,40729.92619164014,energia,28788.907508208606,141.47784586833237
2020-07-01,40790.69069463041,energia,28788.907508208606,141.68891502048044
2020-08-01,40831.26088302761,energia,28788.907508208606,141.82983800752203
2020-09-01,40871.87142230288,energia,28788.907508208606,141.97090115576302
2020-10-01,40993.816504482005,energia,28788.907508208606,142.39448472573474
2020-11-01,41116.12542131197,energia,28788.907508208606,142.819332097227
2020-12-01,41264.17659098048,energia,28788.907508208606,143.33359673066718
2021-01-01,41412.76086411175,energia,28788.907508208606,143.8497131310165
2021-02-01,41506.817177714154,energia,28788.907508208606,144.17642338765125
2021-03-01,41601.08711122374,energia,28788.907508208606,144.50387566586883
2021-04-01,41660.97015273873,energia,28788.907508208606,144.71188300862025
2021-05-01,41720.939393411245,energia,28788.907508208606,144.9201897693246
2021-06-01,41752.661327107315,energia,28788.907508208606,145.03037781201783
2021-07-01,41784.40738013265,energia,28788.907508208606,145.14064963465052
2021-08-01,41824.73917986501,energia,28788.907508208606,145.2807445643413
2021-09-01,41865.10990928842,energia,28788.907508208606,145.42097471865296
2021-10-01,41936.30737373427,energia,28788.907508208606,145.6682833892774
2021-11-01,42007.62591940873,energia,28788.907508208606,145.91601264282454
2021-12-01,42086.31240619795,energia,28788.907508208606,146.18933488253361
2022-01-01,42165.14628439681,energia,28788.907508208606,146.4631690951601
2022-02-01,42229.56208630475,energia,28788.907508208606,146.68692125348556
2022-03-01,42294.07629639823,energia,28788.907508208606,146.91101523855633
2022-04-01,42333.828627205585,energia,28788.907508208606,147.04909734811892
2022-05-01,42373.61832134951,energia,28788.907508208606,147.18730924147602
2022-06-01,42401.22221586566,energia,28788.907508208606,147.28319302764706
2022-07-01,42428.84409267887,energia,28788.907508208606,147.3791392764074
2022-08-01,42477.827912955276,energia,28788.907508208606,147.54928751931115
2022-09-01,42526.86828472867,energia,28788.907508208606,147.7196321972376
2022-10-01,42630.21730866091,energia,28788.907508208606,148.07862124155187
2022-11-01,42733.8174919468,energia,28788.907508208606,148.43848270297187
2022-12-01,42860.60478484647,energia,28788.907508208606,148.87888598282376
2023-01-01,42987.76824394395,energia,28788.907508208606,149.3205958985655
2023-02-01,43147.067421183776,energia,28788.907508208606,149.87393116213673
2023-03-01,43306.95691117788,energia,28788.907508208606,150.42931691252866
2023-04-01,43581.06091195582,energia,28788.907508208606,151.38143362866242
2023-05-01,43856.89980727731,energia,28788.907508208606,152.33957660523365
2023-06-01,44150.32215185521,energia,28788.907508208606,153.35879674929168
2023-07-01,44445.70762361893,energia,28788.907508208606,154.38483593358342
2023-08-01,44742.64963063725,energia,28788.907508208606,155.41628183660578
2023-09-01,45041.575508770395,energia,28788.907508208606,156.45461883514562
2023-10-01,45347.805533261264,energia,28788.907508208606,157.5183272249258
2023-11-01,45656.11756369525,energia,28788.907508208606,158.5892675874459
2023-12-01,45974.76614287771,energia,28788.907508208606,159.6961125731113
2003-01-01,70.23938,ibc,77.53521833333333,90.59029110878667
2003-02-01,71.46577,ibc,77.53521833333333,92.1720110373069
2003-03-01,71.0719,ibc,77.53521833333333,91.66402252774121
2003-04-01,70.59053,ibc,77.53521833333333,91.04318207568943
2003-05-01,69.89798,ibc,77.53521833333333,90.14997507261808
2003-06-01,70.02951,ibc,77.53521833333333,90.31961411256317
2003-07-01,69.1619,ibc,77.53521833333333,89.20062584033049
2003-08-01,69.69093,ibc,77.53521833333333,89.88293513328384
2003-09-01,71.25807,ibc,77.53521833333333,91.90413276925705
2003-10-01,71.13821,ibc,77.53521833333333,91.74954495409838
2003-11-01,71.32987,ibc,77.53521833333333,91.99673584891993
2003-12-01,71.15918,ibc,77.53521833333333,91.77659072820049
2004-01-01,72.46354,ibc,77.53521833333333,93.45887141049946
2004-02-01,73.23877,ibc,77.53521833333333,94.45871382619654
2004-03-01,74.04924,ibc,77.53521833333333,95.50400655564457
2004-04-01,74.42395,ibc,77.53521833333333,95.98728371414703
2004-05-01,74.34963,ibc,77.53521833333333,95.89143049854056
2004-06-01,74.96504,ibc,77.53521833333333,96.68514722911617
2004-07-01,75.25411,ibc,77.53521833333333,97.05797135499564
2004-08-01,75.60603,ibc,77.53521833333333,97.51185541899228
2004-09-01,76.37895,ibc,77.53521833333333,98.50871854340772
2004-10-01,75.84789,ibc,77.53521833333333,97.8237910853887
2004-11-01,76.6859,ibc,77.53521833333333,98.90460315764894
2004-12-01,76.1094,ibc,77.53521833333333,98.16107007372628
2005-01-01,76.59363,ibc,77.53521833333333,98.78559917212677
2005-02-01,77.06614,ibc,77.53521833333333,99.3950125589165
2005-03-01,77.17571,ibc,77.53521833333333,99.5363289856388
2005-04-01,77.71617,ibc,77.53521833333333,100.23337996662205
2005-05-01,77.64835,ibc,77.53521833333333,100.14591003817168
2005-06-01,77.15862,ibc,77.53521833333333,99.51428738910066
2005-07-01,77.15349,ibc,77.53521833333333,99.50767104092976
2005-08-01,77.74587,ibc,77.53521833333333,100.27168514024305
2005-09-01,77.55035,ibc,77.53521833333333,100.01951586258726
2005-10-01,77.57973,ibc,77.53521833333333,100.05740832053287
2005-11-01,78.20956,ibc,77.53521833333333,100.86972305123021
2005-12-01,78.825,ibc,77.53521833333333,101.66347847390038
2006-01-01,79.44975,ibc,77.53521833333333,102.46924134325108
2006-02-01,79.49232,ibc,77.53521833333333,102.52414542544119
2006-03-01,79.38171,ibc,77.53521833333333,102.38148767277391
2006-04-01,79.88756,ibc,77.53521833333333,103.03390087399207
2006-05-01,80.89624,ibc,77.53521833333333,104.33483227224205
2006-06-01,79.95561,ibc,77.53521833333333,103.1216674418341
2006-07-01,81.46613,ibc,77.53521833333333,105.06984019799519
2006-08-01,81.46537,ibc,77.53521833333333,105.06885999826616
2006-09-01,81.66331,ibc,77.53521833333333,105.32415043821699
2006-10-01,82.53214,ibc,77.53521833333333,106.44471218896203
2006-11-01,83.13073,ibc,77.53521833333333,107.21673555185063
2006-12-01,84.17098,ibc,77.53521833333333,108.55838393094956
2007-01-01,83.90432,ibc,77.53521833333333,108.21446279971138
2007-02-01,84.10084,ibc,77.53521833333333,108.46792181385271
2007-03-01,83.58047,ibc,77.53521833333333,107.79678163886427
2007-04-01,84.71139,ibc,77.53521833333333,109.25537042510854
2007-05-01,85.43905,ibc,77.53521833333333,110.19386007618775
2007-06-01,85.956,ibc,77.53521833333333,110.86058935239558
2007-07-01,86.58459,ibc,77.53521833333333,111.67130480985084
2007-08-01,86.73713,ibc,77.53521833333333,111.86804121335743
2007-09-01,87.42676,ibc,77.53521833333333,112.75748218589096
2007-10-01,88.26723,ibc,77.53521833333333,113.84146700990567
2007-11-01,88.23731,ibc,77.53521833333333,113.80287809425784
2007-12-01,89.02285,ibc,77.53521833333333,114.81601769312103
2008-01-01,89.15936,ibc,77.53521833333333,114.99207962076416
2008-02-01,88.9869,ibc,77.53521833333333,114.7696516664653
2008-03-01,88.33783,ibc,77.53521833333333,113.93252240578589
2008-04-01,89.58499,ibc,77.53521833333333,115.54103016111111
2008-05-01,90.41852,ibc,77.53521833333333,116.61606421391603
2008-06-01,91.23337,ibc,77.53521833333333,117.66700598917082
2008-07-01,91.25973,ibc,77.53521833333333,117.70100344293006
2008-08-01,91.44387,ibc,77.53521833333333,117.93849551938023
2008-09-01,91.42616,ibc,77.53521833333333,117.91565428622101
2008-10-01,89.59419,ibc,77.53521833333333,115.55289573677821
2008-11-01,87.39061,ibc,77.53521833333333,112.71085821193813
2008-12-01,85.01162,ibc,77.53521833333333,109.64258801016682
2009-01-01,84.8414,ibc,77.53521833333333,109.42304906559559
2009-02-01,85.49654,ibc,77.53521833333333,110.26800702674231
2009-03-01,86.02971,ibc,77.53521833333333,110.95565582874588
2009-04-01,86.39738,ibc,77.53521833333333,111.42985324239001
2009-05-01,87.20323,ibc,77.53521833333333,112.46918738927478
2009-06-01,87.73552,ibc,77.53521833333333,113.15570122317102
2009-07-01,87.94688,ibc,77.53521833333333,113.428299926758
2009-08-01,89.37353,ibc,77.53521833333333,115.26830248387556
2009-09-01,90.10765,ibc,77.53521833333333,116.21512383265144
2009-10-01,90.81846,ibc,77.53521833333333,117.13188142394904
2009-11-01,90.92052,ibc,77.53521833333333,117.26351192966482
2009-12-01,92.28337,ibc,77.53521833333333,119.02122929900393
2010-01-01,93.64349,ibc,77.53521833333333,120.77542568773747
2010-02-01,94.52561,ibc,77.53521833333333,121.91312803637555
2010-03-01,95.52652,ibc,77.53521833333333,123.20403818213276
2010-04-01,96.00622,ibc,77.53521833333333,123.82272477425367
2010-05-01,95.22033,ibc,77.53521833333333,122.80913376762057
2010-06-01,94.97856,ibc,77.53521833333333,122.49731417750785
2010-07-01,95.55883,ibc,77.53521833333333,123.24570956798107
2010-08-01,96.16402,ibc,77.53521833333333,124.02624519167429
2010-09-01,97.01382,ibc,77.53521833333333,125.12226325709923
2010-10-01,96.86075,ibc,77.53521833333333,124.92484329325526
2010-11-01,97.95845,ibc,77.53521833333333,126.34058703344937
2010-12-01,96.93179,ibc,77.53521833333333,125.01646617318913
2011-01-01,98.13917,ibc,77.53521833333333,126.57366821111893
2011-02-01,98.54247,ibc,77.53521833333333,127.09381893574341
2011-03-01,98.53389,ibc,77.53521833333333,127.08275299669735
2011-04-01,98.62589,ibc,77.53521833333333,127.20140875336845
2011-05-01,98.78085,ibc,77.53521833333333,127.4012663191701
2011-06-01,99.11391,ibc,77.53521833333333,127.83082595304917
2011-07-01,99.26053,ibc,77.53521833333333,128.0199271165613
2011-08-01,99.19216,ibc,77.53521833333333,127.93174783304386
2011-09-01,99.06673,ibc,77.53521833333333,127.76997618566068
2011-10-01,99.00694,ibc,77.53521833333333,127.69286284118931
2011-11-01,99.47487,ibc,77.53521833333333,128.29636923487521
2011-12-01,98.5296,ibc,77.53521833333333,127.07722002717432
2012-01-01,97.326,ibc,77.53521833333333,125.5248931931599
2012-02-01,98.26784,ibc,77.53521833333333,126.73961860471536
2012-03-01,98.02892,ibc,77.53521833333333,126.43147476358646
2012-04-01,98.47809,ibc,77.53521833333333,127.01078570080335
2012-05-01,99.61673,ibc,77.53521833333333,128.47933125271612
2012-06-01,100.33118,ibc,77.53521833333333,129.40078348482115
2012-07-01,100.50283,ibc,77.53521833333333,129.6221667525667
2012-08-01,100.8313,ibc,77.53521833333333,130.04580649597705
2012-09-01,100.42317,ibc,77.53521833333333,129.51942634412737
2012-10-01,101.25774,ibc,77.53521833333333,130.59580172287727
2012-11-01,101.11153,ibc,77.53521833333333,130.40722935132425
2012-12-01,100.67255,ibc,77.53521833333333,129.84106082889514
2013-01-01,101.32331,ibc,77.53521833333333,130.68036974423515
2013-02-01,100.35893,ibc,77.53521833333333,129.43657367229528
2013-03-01,101.36727,ibc,77.53521833333333,130.73706656014016
2013-04-01,102.48931,ibc,77.53521833333333,132.18420248639268
2013-05-01,102.64895,ibc,77.53521833333333,132.39009601894674
2013-06-01,102.29273,ibc,77.53521833333333,131.93066608806222
2013-07-01,102.65475,ibc,77.53521833333333,132.39757649056298
2013-08-01,102.96846,ibc,77.53521833333333,132.80217972344653
2013-09-01,103.47836,ibc,77.53521833333333,133.4598163574312
2013-10-01,103.4262,ibc,77.53521833333333,133.39254370234462
2013-11-01,103.70913,ibc,77.53521833333333,133.7574488462028
2013-12-01,103.99242,ibc,77.53521833333333,134.1228182951958
2014-01-01,103.66722,ibc,77.53521833333333,133.7033959900932
2014-02-01,103.37726,ibc,77.53521833333333,133.32942399874156
2014-03-01,103.25041,ibc,77.53521833333333,133.16582092554887
2014-04-01,102.81405,ibc,77.53521833333333,132.60303151271194
2014-05-01,102.44865,ibc,77.53521833333333,132.13176180089002
2014-06-01,100.26057,ibc,77.53521833333333,129.30971519157606
2014-07-01,101.02757,ibc,77.53521833333333,130.29894307599702
2014-08-01,101.91123,ibc,77.53521833333333,131.43863161882285
2014-09-01,102.47056,ibc,77.53521833333333,132.16001992728854
2014-10-01,101.58429,ibc,77.53521833333333,131.0169651722354
2014-11-01,101.77278,ibc,77.53521833333333,131.26006760239773
2014-12-01,102.18535,ibc,77.53521833333333,131.7921741842433
2015-01-01,101.30483,ibc,77.53521833333333,130.65653541398208
2015-02-01,100.64945,ibc,77.53521833333333,129.81126791607883
2015-03-01,100.46625,ibc,77.53521833333333,129.5749881919251
2015-04-01,99.12964,ibc,77.53521833333333,127.85111350796694
2015-05-01,98.45711,ibc,77.53521833333333,126.98372702933641
2015-06-01,97.51139,ibc,77.53521833333333,125.76399744021703
2015-07-01,96.37133,ibc,77.53521833333333,124.29362046249477
2015-08-01,96.85754,ibc,77.53521833333333,124.92070323913664
2015-09-01,96.1621,ibc,77.53521833333333,124.02376889762203
2015-10-01,96.51788,ibc,77.53521833333333,124.48263134445293
2015-11-01,95.53499,ibc,77.53521833333333,123.21496225016541
2015-12-01,95.33322,ibc,77.53521833333333,122.95473211947493
2016-01-01,94.88503,ibc,77.53521833333333,122.37668512401385
2016-02-01,94.74894,ibc,77.53521833333333,122.20116488569464
2016-03-01,94.07764,ibc,77.53521833333333,121.33536478294134
2016-04-01,94.02558,ibc,77.53521833333333,121.26822110150333
2016-05-01,93.7981,ibc,77.53521833333333,120.97483184576919
2016-06-01,93.95613,ibc,77.53521833333333,121.1786489025815
2016-07-01,93.64776,ibc,77.53521833333333,120.7809328625308
2016-08-01,93.39899,ibc,77.53521833333333,120.46008511701918
2016-09-01,93.55464,ibc,77.53521833333333,120.66083260099589
2016-10-01,93.05945,ibc,77.53521833333333,120.02216799071373
2016-11-01,93.11925,ibc,77.53521833333333,120.09929423254992
2016-12-01,92.86383,ibc,77.53521833333333,119.76986973940937
2017-01-01,93.41286,ibc,77.53521833333333,120.47797376207383
2017-02-01,94.52304,ibc,77.53521833333333,121.90981341360767
2017-03-01,94.60922,ibc,77.53521833333333,122.02096290393283
2017-04-01,94.47996,ibc,77.53521833333333,121.85425156580996
2017-05-01,94.25472,ibc,77.53521833333333,121.56375131980349
2017-06-01,94.85835,ibc,77.53521833333333,122.34227495457925
2017-07-01,94.90523,ibc,77.53521833333333,122.40273780102208
2017-08-01,94.64373,ibc,77.53521833333333,122.06547171004935
2017-09-01,94.64511,ibc,77.53521833333333,122.06725154639942
2017-10-01,94.84934,ibc,77.53521833333333,122.33065442884438
2017-11-01,95.03448,ibc,77.53521833333333,122.56943624178011
2017-12-01,96.30407,ibc,77.53521833333333,124.20687278647631
2018-01-01,95.81267,ibc,77.53521833333333,123.57309627747442
2018-02-01,95.43756,ibc,77.53521833333333,123.08930322437777
2018-03-01,95.46274,ibc,77.53521833333333,123.12177878908403
2018-04-01,96.00704,ibc,77.53521833333333,123.82378235817183
2018-05-01,93.05679,ibc,77.53521833333333,120.01873729166215
2018-06-01,95.75667,ibc,77.53521833333333,123.50087103428334
2018-07-01,96.06905,ibc,77.53521833333333,123.90375891764111
2018-08-01,96.80783,ibc,77.53521833333333,124.85659043843968
2018-09-01,96.28644,ibc,77.53521833333333,124.18413473223598
2018-10-01,96.60347,ibc,77.53521833333333,124.5930198902516
2018-11-01,96.88802,ibc,77.53521833333333,124.96001440721636
2018-12-01,97.16331,ibc,77.53521833333333,125.31506596432489
2019-01-01,96.94771,ibc,77.53521833333333,125.03699877803918
2019-02-01,96.39425,ibc,77.53521833333333,124.3231812227437
2019-03-01,95.79732,ibc,77.53521833333333,123.55329882242114
2019-04-01,95.77798,ibc,77.53521833333333,123.52835531879052
2019-05-01,97.10725,ibc,77.53521833333333,125.24276333694466
2019-06-01,96.5971,ibc,77.53521833333333,124.5848042688386
2019-07-01,96.39424,ibc,77.53521833333333,124.32316832537884
2019-08-01,96.62189,ibc,77.53521833333333,124.61677683631551
2019-09-01,96.94457,ibc,77.53521833333333,125.03294900547452
2019-10-01,98.08033,ibc,77.53521833333333,126.49778011630887
2019-11-01,97.91976,ibc,77.53521833333333,126.29068712882324
2019-12-01,97.59895,ibc,77.53521833333333,125.87692676689224
2020-01-01,97.60548,ibc,77.53521833333333,125.8853487461429
2020-02-01,97.74638,ibc,77.53521833333333,126.06707261695766
2020-03-01,91.27259,ibc,77.53521833333333,117.71758945413428
2020-04-01,82.96008,ibc,77.53521833333333,106.9966420205906
2020-05-01,85.48797,ibc,77.53521833333333,110.25695398506113
2020-06-01,89.37903,ibc,77.53521833333333,115.2753960345461
2020-07-01,91.74207,ibc,77.53521833333333,118.32309493937281
2020-08-01,93.49745,ibc,77.53521833333333,120.58707257138697
2020-09-01,95.36272,ibc,77.53521833333333,122.9927793457988
2020-10-01,97.30806,ibc,77.53521833333333,125.50175532060904
2020-11-01,97.51715,ibc,77.53521833333333,125.77142632237381
2020-12-01,97.68045,ibc,77.53521833333333,125.98204029046498
2021-01-01,97.80489,ibc,77.53521833333333,126.1425350987275
2021-02-01,98.71949,ibc,77.53521833333333,127.3221280884164
2021-03-01,95.32458,ibc,77.53521833333333,122.9435887962397
2021-04-01,96.34302,ibc,77.53521833333333,124.2571080225887
2021-05-01,97.01772,ibc,77.53521833333333,125.12729322939289
2021-06-01,96.77124,ibc,77.53521833333333,124.80939898043322
2021-07-01,96.43007,ibc,77.53521833333333,124.3693795836563
2021-08-01,97.01608,ibc,77.53521833333333,125.12517806155658
2021-09-01,96.95313,ibc,77.53521833333333,125.04398914979087
2021-10-01,97.47791,ibc,77.53521833333333,125.72081706268061
2021-11-01,99.05295,ibc,77.53521833333333,127.7522036168897
2021-12-01,99.36759,ibc,77.53521833333333,128.15800630470486
2022-01-01,97.41759,ibc,77.53521833333333,125.64302015787192
2022-02-01,98.48287,ibc,77.53521833333333,127.01695064120433
2022-03-01,99.54331,ibc,77.53521833333333,128.38463879994663
2022-04-01,99.44726,ibc,77.53521833333333,128.26075961050904
2022-05-01,99.65249,ibc,77.53521833333333,128.52545222943957
2022-06-01,99.53078,ibc,77.53521833333333,128.3684784017826
2022-07-01,101.43252,ibc,77.53521833333333,130.82122186582265
2022-08-01,101.09886,ibc,77.53521833333333,130.39088839005225
2022-09-01,101.15209,ibc,77.53521833333333,130.45954106317836
2022-10-01,101.43094,ibc,77.53521833333333,130.81918408217547
2022-11-01,100.7113,ibc,77.53521833333333,129.89103811771042
2022-12-01,100.58566,ibc,77.53521833333333,129.72899562566525
2023-01-01,100.10937,ibc,77.53521833333333,129.11470703496008
2023-02-01,103.08344,ibc,77.53521833333333,132.95047362455568
2023-03-01,103.08526,ibc,77.53521833333333,132.95282094495943
2023-04-01,103.96006,ibc,77.53521833333333,134.08108242252322
2023-05-01,102.40467,ibc,77.53521833333333,132.07503919025527
2023-06-01,102.4398,ibc,77.53521833333333,132.12034763299286
2023-07-01,102.89895,ibc,77.53521833333333,132.71253014033556
2023-08-01,102.48797,ibc,77.53521833333333,132.18247423950206
2023-09-01,102.50227,ibc,77.53521833333333,132.20091747124548
2023-10-01,102.83037,ibc,77.53521833333333,132.62408001215618
2023-11-01,103.58799,ibc,77.53521833333333,133.60121016834265
2023-12-01,104.88262,ibc,77.53521833333333,135.27094171463716
2003-03-01,117.47,pib,128.45499999999998,91.44836713245886
2003-06-01,116.48,pib,128.45499999999998,90.677669222685
2003-09-01,117.58,pib,128.45499999999998,91.53400023354483
2003-12-01,118.8,pib,128.45499999999998,92.4837491728621
2004-03-01,120.44,pib,128.45499999999998,93.7604608617804
2004-06-01,123.76,pib,128.45499999999998,96.34502354910282
2004-09-01,125.34,pib,128.45499999999998,97.5750262737924
2004-12-01,126.29,pib,128.45499999999998,98.31458487408044
2005-03-01,127.41,pib,128.45499999999998,99.18648553968316
2005-06-01,128.75,pib,128.45499999999998,100.22965240745788
2005-09-01,128.02,pib,128.45499999999998,99.66136000934182
2005-12-01,129.64,pib,128.45499999999998,100.92250204351718
2006-03-01,131.74,pib,128.45499999999998,102.55731579152234
2006-06-01,132.14,pib,128.45499999999998,102.86870888638045
2006-09-01,134.36,pib,128.45499999999998,104.59694056284303
2006-12-01,135.93,pib,128.45499999999998,105.81915846016116
2007-03-01,138.48,pib,128.45499999999998,107.80428943988167
2007-06-01,140.8,pib,128.45499999999998,109.61036939005879
2007-09-01,142.27,pib,128.45499999999998,110.7547390136624
2007-12-01,144.42,pib,128.45499999999998,112.42847689852478
2008-03-01,146.25,pib,128.45499999999998,113.85310030750068
2008-06-01,149.19,pib,128.45499999999998,116.1418395547079
2008-09-01,151.64,pib,128.45499999999998,118.04912226071387
2008-12-01,145.92,pib,128.45499999999998,113.59620100424273
2009-03-01,143.82,pib,128.45499999999998,111.96138725623761
2009-06-01,146.47,pib,128.45499999999998,114.02436650967267
2009-09-01,149.9,pib,128.45499999999998,116.69456229808107
2009-12-01,153.76,pib,128.45499999999998,119.69950566346192
2010-03-01,156.93,pib,128.45499999999998,122.16729594021254
2010-06-01,158.94,pib,128.45499999999998,123.7320462418746
2010-09-01,160.34,pib,128.45499999999998,124.82192207387803
2010-12-01,162.63,pib,128.45499999999998,126.60464754194076
2011-03-01,164.81,pib,128.45499999999998,128.30173990891754
2011-06-01,166.48,pib,128.45499999999998,129.60180607995017
2011-09-01,166.11,pib,128.45499999999998,129.31376746720645
2011-12-01,167.62,pib,128.45499999999998,130.48927640029584
2012-03-01,165.23,pib,128.45499999999998,128.62870265851856
2012-06-01,168.21,pib,128.45499999999998,130.9485812152116
2012-09-01,171.11,pib,128.45499999999998,133.20618115293297
2012-12-01,171.16,pib,128.45499999999998,133.24510528979022
2013-03-01,172.08,pib,128.45499999999998,133.9613094079639
2013-06-01,174.45,pib,128.45499999999998,135.80631349499825
2013-09-01,175.28,pib,128.45499999999998,136.4524541668289
2013-12-01,175.56,pib,128.45499999999998,136.67042933322955
2014-03-01,177.04,pib,128.45499999999998,137.8225837842046
2014-06-01,174.43,pib,128.45499999999998,135.79074384025535
2014-09-01,174.32,pib,128.45499999999998,135.70511073916938
2014-12-01,175.24,pib,128.45499999999998,136.42131485734305
2015-03-01,173.85,pib,128.45499999999998,135.3392238527111
2015-06-01,169.75,pib,128.45499999999998,132.14744463041535
2015-09-01,166.96,pib,128.45499999999998,129.97547779377993
2015-12-01,165.68,pib,128.45499999999998,128.97901989023396
2016-03-01,163.3,pib,128.45499999999998,127.12623097582814
2016-06-01,163.75,pib,128.45499999999998,127.4765482075435
2016-09-01,162.86,pib,128.45499999999998,126.7836985714842
2016-12-01,162.68,pib,128.45499999999998,126.64357167879805
2017-03-01,164.36,pib,128.45499999999998,127.95142267720216
2017-06-01,165.73,pib,128.45499999999998,129.0179440270912
2017-09-01,166.11,pib,128.45499999999998,129.31376746720645
2017-12-01,167.01,pib,128.45499999999998,130.0144019306372
2018-03-01,168.03,pib,128.45499999999998,130.80845432252542
2018-06-01,167.84,pib,128.45499999999998,130.66054260246779
2018-09-01,169.44,pib,128.45499999999998,131.9061149819003
2018-12-01,169.02,pib,128.45499999999998,131.5791522322993
2019-03-01,169.52,pib,128.45499999999998,131.96839360087193
2019-06-01,170.5,pib,128.45499999999998,132.7313066832743
2019-09-01,170.53,pib,128.45499999999998,132.75466116538868
2019-12-01,172.03,pib,128.45499999999998,133.92238527110663
2020-03-01,168.09,pib,128.45499999999998,130.85516328675413
2020-06-01,153.17,pib,128.45499999999998,119.24020084854618
2020-09-01,165.3,pib,128.45499999999998,128.68319645011874
2020-12-01,171.65,pib,128.45499999999998,133.62656183099142
2021-03-01,173.15,pib,128.45499999999998,134.79428593670937
2021-06-01,171.94,pib,128.45499999999998,133.85232182476355
2021-09-01,172.2,pib,128.45499999999998,134.0547273364213
2021-12-01,174.49,pib,128.45499999999998,135.8374528044841
2022-03-01,175.7,pib,128.45499999999998,136.7794169164299
2022-06-01,177.71,pib,128.45499999999998,138.34416721809194
2022-09-01,179.58,pib,128.45499999999998,139.79992993655367
2022-12-01,180.35,pib,128.45499999999998,140.39936164415556
2023-03-01,182.75,pib,128.45499999999998,142.2677202133043
2023-06-01,184.2,pib,128.45499999999998,143.39652018216498
2023-09-01,184.45,pib,128.45499999999998,143.5911408664513
2023-12-01,185.14,pib,128.45499999999998,144.12829395508155
